run_timestamp,model,family,dataset,n_features,imbalance_handling,hyperparameters,accuracy,balanced_accuracy,macro_precision,macro_recall,macro_f1,weighted_f1,within_one_class_acc,roc_auc_ovr_macro,pr_auc_ovr_macro,recall_3_4,recall_4_5,recall_5_plus,train_seconds,predict_seconds,interpretability,n_rules,bal_acc_diff_vs_improved,ci_low,ci_high,mcnemar_p,mcnemar_p_holm,verdict_balanced_accuracy
2026-10-02 17:28:34,Original eLCS (raw data),LCS,"Raw all_month.csv, minimal processing",16,None,"{""learning_iterations"": 10000, ""N"": 1000, ""nu"": 5, ""theta_GA"": 25, ""random_state"": null}",0.6078799249530957,0.4726737408957902,0.5686765769982746,0.4726737408957902,0.47793695875354,0.5917253365989619,0.9474671669793621,0.8246788811980353,0.5260332863933734,0.11363636363636363,0.903954802259887,0.07692307692307693,39.17,9.85,High (IF-THEN rules),911.0,-0.17697459734605359,-0.21180584498574265,-0.14231317049482414,0.003421972370516917,0.006843944741033834,significantly worse than improved eLCS
2026-10-02 17:28:34,Improved eLCS (Task 4),LCS,Task 3 data + MI selection + 8-bin discretisation,12,Random oversampling (ratio 0.5),"{""learning_iterations"": 35000, ""N"": 2000, ""nu"": 5, ""theta_GA"": 25, ""random_state"": 42, ""oversample"": true}",0.6458724202626641,0.6496483382418438,0.611062429570711,0.6496483382418438,0.6017015140481955,0.6398356533475851,0.9727954971857411,0.8877954852339031,0.6284244205938638,0.6477272727272727,0.6779661016949152,0.7948717948717948,288.8,7.25,High (IF-THEN rules),1709.0,,,,,,
2026-10-02 17:28:34,Original eLCS (preprocessed data),LCS,Task 3 preprocessed data,57,None,"{""learning_iterations"": 10000, ""N"": 1000, ""nu"": 5, ""theta_GA"": 25, ""random_state"": 42}",0.6599437148217636,0.5131635369863133,0.5374883773197897,0.5131635369863133,0.5041244813556102,0.6384188626903567,0.9634146341463414,0.888983629565998,0.6008760214008056,0.2159090909090909,0.96045197740113,0.0,63.8,14.58,High (IF-THEN rules),980.0,-0.13648480125553042,-0.1674423365241829,-0.10324983992603182,0.2501748457203023,0.2501748457203023,significantly worse than improved eLCS
2026-10-02 17:28:34,Logistic Regression,Conventional ML,Task 3 preprocessed data,57,class_weight=balanced,"{""C"": 10, ""class_weight"": ""balanced""}",0.724671669793621,0.7499714186854641,0.682108535725226,0.7499714186854641,0.7030655312344866,0.7252344110407792,0.9915572232645403,0.9446321707094282,0.7701270946550335,0.75,0.8248587570621468,0.8205128205128205,24.51,0.0,Medium (coefficients),,0.10032308044362037,0.07228629795397001,0.12867983922653906,5.6995667757788785e-12,1.7098700327336636e-11,significantly better than improved eLCS
2026-10-02 17:28:34,Decision Tree,Conventional ML,Task 3 preprocessed data,57,class_weight=balanced,"{""class_weight"": ""balanced"", ""max_depth"": 12}",0.7307692307692307,0.6668096370196354,0.6546395899160476,0.6668096370196354,0.6590838411761819,0.7292364855288548,0.9878048780487805,0.8336970704208923,0.5674981373705582,0.5,0.8700564971751412,0.46153846153846156,1.8,0.0,High (tree of rules),,0.0171612987777916,-0.02037271760278732,0.05798038961931754,2.752641190443514e-13,1.1010564761774055e-12,no significant difference
2026-10-02 17:28:34,Random Forest,Conventional ML,Task 3 preprocessed data,57,None,"{""class_weight"": null, ""max_depth"": 20}",0.8039399624765479,0.7274828704245336,0.7733539941708777,0.7274828704245336,0.7470478320667618,0.8012312097123265,0.9971857410881801,0.9685868743269802,0.8297907186015641,0.48863636363636365,0.9152542372881356,0.5897435897435898,14.88,0.26,Low (300-tree ensemble),,0.07783453218268988,0.043620154496449515,0.11135003803946937,1.1196961613476666e-45,8.957569290781333e-45,significantly better than improved eLCS
2026-10-02 17:28:34,k-Nearest Neighbours,Conventional ML,Task 3 preprocessed data,57,None,"{""n_neighbors"": 5, ""weights"": ""distance""}",0.7654784240150094,0.695002320548547,0.7458805965531368,0.695002320548547,0.7157267569926923,0.7626470643733878,0.9934333958724203,0.9280906009745663,0.7607174379083542,0.5,0.9152542372881356,0.5128205128205128,1.39,0.27,Low (no explicit model),,0.04535398230670329,0.009383401018818079,0.08056374995050948,1.0785834691271203e-24,7.550084283889842e-24,significantly better than improved eLCS
2026-10-02 17:28:34,Gaussian Naive Bayes,Conventional ML,Task 3 preprocessed data,57,None,"{""var_smoothing"": 0.001}",0.5417448405253283,0.5707562675190777,0.5556097358867067,0.5707562675190777,0.520016782155492,0.4805686680347357,0.9469981238273921,0.892717267730057,0.596357145683507,0.36363636363636365,0.9322033898305084,0.5128205128205128,0.29,0.01,Medium (class probabilities),,-0.07889207072276605,-0.11270581531146578,-0.04202655093274756,3.4679351345137144e-15,1.733967567256857e-14,significantly worse than improved eLCS
2026-10-02 17:28:34,Support Vector Machine (RBF),Conventional ML,Task 3 preprocessed data,57,class_weight=balanced,"{""C"": 10, ""class_weight"": ""balanced""}",0.7373358348968105,0.7647138993738608,0.6991221549608717,0.7647138993738608,0.7162996664612461,0.7371752755465392,0.9929643527204502,0.9533035030976859,0.8052387962817248,0.7840909090909091,0.7966101694915254,0.8717948717948718,46.79,2.34,Low (kernel model),,0.11506556113201705,0.08647349333311133,0.14530910217225146,2.5974051697506746e-16,1.5584431018504048e-15,significantly better than improved eLCS
